Commit on Sun Jul  6 09:49:12 UTC 2025
Commit on Mon Jul  7 03:26:28 UTC 2025
Commit on Tue Jul  8 03:21:19 UTC 2025
Commit on Wed Jul  9 03:24:00 UTC 2025
Commit on Thu Jul 10 03:23:50 UTC 2025
Commit on Fri Jul 11 03:38:27 UTC 2025
Commit on Sat Jul 12 03:26:46 UTC 2025
Commit on Sun Jul 13 03:41:38 UTC 2025
Commit on Mon Jul 14 03:42:35 UTC 2025
Commit on Tue Jul 15 03:39:59 UTC 2025
Commit on Wed Jul 16 03:37:49 UTC 2025
Commit on Thu Jul 17 03:37:39 UTC 2025
Commit on Fri Jul 18 03:39:53 UTC 2025
Commit on Sat Jul 19 03:24:31 UTC 2025
Commit on Sun Jul 20 03:47:09 UTC 2025
Commit on Mon Jul 21 03:45:51 UTC 2025
Commit on Tue Jul 22 03:39:29 UTC 2025
Commit on Wed Jul 23 03:41:04 UTC 2025
Commit on Thu Jul 24 03:39:31 UTC 2025
Commit on Fri Jul 25 03:39:53 UTC 2025
Commit on Sat Jul 26 03:36:22 UTC 2025
Commit on Sun Jul 27 03:48:21 UTC 2025
Commit on Mon Jul 28 03:47:15 UTC 2025
Commit on Tue Jul 29 03:50:10 UTC 2025
Commit on Tue Jul 29 11:29:29 UTC 2025
Commit on Wed Jul 30 03:39:38 UTC 2025
Commit on Thu Jul 31 03:38:16 UTC 2025
Commit on Fri Aug  1 03:52:14 UTC 2025
Commit on Sat Aug  2 03:22:21 UTC 2025
Commit on Sun Aug  3 03:47:13 UTC 2025
Commit on Mon Aug  4 03:52:11 UTC 2025
Commit on Tue Aug  5 03:43:26 UTC 2025
Commit on Wed Aug  6 03:40:39 UTC 2025
Commit on Thu Aug  7 03:40:43 UTC 2025
Commit on Fri Aug  8 03:40:11 UTC 2025
Commit on Sat Aug  9 03:16:43 UTC 2025
Commit on Sun Aug 10 03:40:11 UTC 2025
Commit on Mon Aug 11 03:39:41 UTC 2025
Commit on Tue Aug 12 03:14:02 UTC 2025
Commit on Wed Aug 13 03:16:28 UTC 2025
Commit on Thu Aug 14 03:16:48 UTC 2025
Commit on Fri Aug 15 03:18:13 UTC 2025
Commit on Sat Aug 16 03:11:27 UTC 2025
Commit on Sun Aug 17 03:22:30 UTC 2025
Commit on Mon Aug 18 03:26:27 UTC 2025
Commit on Tue Aug 19 03:07:21 UTC 2025
Commit on Wed Aug 20 03:05:11 UTC 2025
Commit on Thu Aug 21 03:04:10 UTC 2025
Commit on Fri Aug 22 03:04:43 UTC 2025
Commit on Sat Aug 23 02:58:52 UTC 2025
Commit on Sun Aug 24 03:15:35 UTC 2025
Commit on Mon Aug 25 03:11:48 UTC 2025
Commit on Tue Aug 26 03:05:49 UTC 2025
Commit on Wed Aug 27 02:59:28 UTC 2025
Commit on Thu Aug 28 02:59:19 UTC 2025
Commit on Fri Aug 29 02:59:14 UTC 2025
Commit on Sat Aug 30 02:52:49 UTC 2025
Commit on Sun Aug 31 03:03:25 UTC 2025
Commit on Mon Sep  1 03:17:33 UTC 2025
Commit on Tue Sep  2 03:02:51 UTC 2025
Commit on Wed Sep  3 02:51:43 UTC 2025
Commit on Thu Sep  4 02:52:32 UTC 2025
Commit on Fri Sep  5 02:55:33 UTC 2025
Commit on Sat Sep  6 02:50:37 UTC 2025
Commit on Sun Sep  7 02:59:27 UTC 2025
Commit on Mon Sep  8 03:02:57 UTC 2025
Commit on Tue Sep  9 02:58:06 UTC 2025
Commit on Wed Sep 10 02:52:02 UTC 2025
Commit on Thu Sep 11 02:56:53 UTC 2025
Commit on Fri Sep 12 02:51:31 UTC 2025
Commit on Sat Sep 13 02:41:59 UTC 2025
Commit on Sun Sep 14 02:58:48 UTC 2025
Commit on Mon Sep 15 03:04:02 UTC 2025
Commit on Tue Sep 16 02:53:00 UTC 2025
Commit on Wed Sep 17 02:52:06 UTC 2025
Commit on Thu Sep 18 02:53:52 UTC 2025
Commit on Fri Sep 19 02:57:18 UTC 2025
Commit on Sat Sep 20 02:51:01 UTC 2025
Commit on Sun Sep 21 03:04:02 UTC 2025
Commit on Mon Sep 22 03:03:48 UTC 2025
Commit on Tue Sep 23 02:54:13 UTC 2025
Commit on Wed Sep 24 02:56:04 UTC 2025
Commit on Thu Sep 25 02:58:21 UTC 2025
Commit on Fri Sep 26 02:56:30 UTC 2025
Commit on Sat Sep 27 02:50:50 UTC 2025
Commit on Sun Sep 28 03:04:29 UTC 2025
Commit on Mon Sep 29 03:00:41 UTC 2025
Commit on Tue Sep 30 02:54:40 UTC 2025
Commit on Wed Oct  1 03:07:38 UTC 2025
Commit on Thu Oct  2 02:53:40 UTC 2025
Commit on Fri Oct  3 02:53:14 UTC 2025
Commit on Sat Oct  4 02:46:03 UTC 2025
Commit on Sun Oct  5 03:03:34 UTC 2025
Commit on Mon Oct  6 02:58:03 UTC 2025
Commit on Tue Oct  7 02:54:28 UTC 2025
Commit on Wed Oct  8 02:54:29 UTC 2025
Commit on Thu Oct  9 02:56:51 UTC 2025
Commit on Fri Oct 10 02:57:19 UTC 2025
Commit on Sat Oct 11 02:50:07 UTC 2025
Commit on Sun Oct 12 02:58:57 UTC 2025
Commit on Mon Oct 13 03:06:00 UTC 2025
Commit on Tue Oct 14 02:57:28 UTC 2025
Commit on Wed Oct 15 03:01:16 UTC 2025
Commit on Thu Oct 16 02:59:48 UTC 2025
Commit on Fri Oct 17 02:58:11 UTC 2025
Commit on Sat Oct 18 02:51:36 UTC 2025
Commit on Sun Oct 19 03:12:07 UTC 2025
Commit on Mon Oct 20 03:11:46 UTC 2025
Commit on Tue Oct 21 03:02:14 UTC 2025
Commit on Wed Oct 22 03:07:14 UTC 2025
Commit on Thu Oct 23 03:00:14 UTC 2025
Commit on Fri Oct 24 02:56:59 UTC 2025
Commit on Sat Oct 25 02:58:25 UTC 2025
Commit on Sun Oct 26 03:06:26 UTC 2025
Commit on Mon Oct 27 03:15:59 UTC 2025
Commit on Tue Oct 28 03:04:01 UTC 2025
Commit on Wed Oct 29 03:11:54 UTC 2025
Commit on Thu Oct 30 03:07:48 UTC 2025
Commit on Fri Oct 31 03:07:08 UTC 2025
Commit on Sat Nov  1 03:08:13 UTC 2025
Commit on Sun Nov  2 03:11:37 UTC 2025
Commit on Mon Nov  3 03:13:32 UTC 2025
Commit on Tue Nov  4 03:06:40 UTC 2025
Commit on Wed Nov  5 03:07:44 UTC 2025
Commit on Thu Nov  6 03:10:27 UTC 2025
Commit on Fri Nov  7 03:06:56 UTC 2025
Commit on Sat Nov  8 02:58:44 UTC 2025
Commit on Sun Nov  9 03:09:45 UTC 2025
